<?xml version="1.0" encoding="UTF-8"?>

<beans xmlns="http://www.springframework.org/schema/beans"

    xmlns:xsi="http://www.w3.org/2001/XMLSchema-instance"

    xsi:schemaLocation="

        http://www.springframework.org/schema/beans http://www.springframework.org/schema/beans/spring-beans.xsd">


 


    <!-- bean definitions here -->

    

    <bean id="course" class="com.cg.spring.Course" scope="prototype">

        <property name="id" value="1122"></property>

        <property name="name" value="angular"></property>

    </bean>

      <bean id="course1" class="com.cg.spring.Course" scope="prototype">

        <constructor-arg  name="id" value="1122"></constructor-arg>

        <constructor-arg name="name" value="java"></constructor-arg>

        

    </bean>

     <bean id="std" class="com.cg.bean.Student" scope="prototype">

        <property name="sid" value="1001"></property>

        <property name="name" value="balaji"></property>

        <property name="course" value="course1"></property>

        

    </bean>

  


 


</beans>

 