[
{
    "id":101,
    "name":"Mobile",
    "price":20000,
    "quantity":10
},
{
    "id":2,
    "name":"Mobile Charger",
    "price":400,
    "quantity":50

},
{
    "id":3,
    "name":"HeadPhone",
    "price":450,
    "quantity":15

},
{
    "id":4,
    "name":"Adapter",
    "price":500,
    "quantity":30

},
{
    "id":5,
    "name":"Mobile Back Cover",
    "price":150,
    "quantity":50

},
{
    "id":6,
    "name":"CardReader",
    "price":200,
    "quantity":20

}


]